ZIPCODE,FREQUENCY
60629,5702
60639,4850
60620,4678
60623,4204
60619,4166
60617,4165
60651,3885
60628,3801
60632,3616
60609,3149
60644,2897
60634,2885
60641,2829
60649,2685
60608,2597
60647,2578
60618,2571
60624,2552
60636,2468
60637,2421
60643,2414
60625,2412
60653,1966
60652,1935
60621,1904
60630,1809
60612,1808
60645,1739
60616,1708
60659,1704
60640,1701
60638,1666
60804,1657
60626,1633
60615,1494
60622,1299
60660,1250
60707,1212
60613,1045
60614,1030
60657,939
60402,922
60827,822
60453,819
60610,800
60656,777
60409,769
60646,716
60655,676
60607,628
60631,610
60153,545
60419,539
60076,487
60411,483
60202,473
60706,472
60642,463
60016,458
60605,453
60459,448
60805,447
60406,437
60473,413
60077,408
60104,381
60611,380
60426,367
60302,355
60633,345
60803,338
60438,300
60478,292
60201,277
60714,275
60068,272
60661,265
60440,258
60712,249
60443,247
60654,245
60160,240
60056,232
60131,224
60429,220
60025,216
60053,214
60501,210
60601,203
60466,202
60171,201
60428,198
60148,197
60164,193
60176,193
60458,190
60415,190
60018,188
60452,185
60455,183
60101,181
60477,180
60446,178
60130,178
46312,176
60462,175
60304,165
60085,158
60430,153
60133,148
60107,148
60525,146
60471,146
60139,143
60155,141
60074,140
60465,140
60445,140
60527,139
60517,139
60154,137
60586,136
60126,134
60090,133
60435,132
46324,131
60169,131
60181,128
60062,128
60188,127
60106,126
60504,126
60457,122
60004,121
46410,121
60005,120
60120,119
60007,119
60506,118
60089,118
60487,117
60534,117
60425,116
60513,113
60123,112
60115,111
60505,111
60073,110
46394,108
46323,107
60680,107
60546,106
60193,106
60467,105
60482,103
60564,103
60563,103
60035,101
60423,101
60103,101
46320,99
60091,99
60137,99
60602,97
60561,96
60110,91
46307,90
60422,90
60162,90
60490,88
60191,86
60431,84
60540,84
60565,83
60047,83
60417,83
60067,83
60472,82
60559,82
60439,81
60008,81
60305,81
60901,81
60172,78
60544,77
60060,77
60484,75
60015,74
60418,74
46404,73
60185,72
60543,71
60456,71
60031,71
46319,71
60448,70
60163,69
60515,68
46327,68
60441,66
60606,64
60108,63
60433,63
60099,63
60532,63
60516,62
60194,61
60010,61
46368,60
46375,60
46322,59
60451,58
46321,58
60064,58
60061,58
60173,58
60491,58
60538,57
60463,56
60070,56
60461,56
60189,56
60102,54
60093,54
60046,53
60469,53
60914,53
60014,52
60192,52
60464,52
60432,52
60403,52
60585,52
46342,51
60521,50
60526,49
60087,48
60026,47
60156,47
46311,46
60045,46
60030,45
60143,45
60165,44
60502,44
60475,43
60560,42
46403,42
60436,42
60523,42
60604,42
46409,41
60098,40
60187,40
61832,40
60627,40
46408,40
60177,39
61820,39
60404,39
46407,38
60142,38
61761,38
61701,38
46406,37
46360,36
60301,36
61108,36
60449,36
60174,35
60510,35
60503,34
60124,34
46385,34
61008,33
61102,33
60558,32
60203,31
53511,30
60603,30
60140,29
60514,29
60134,29
60195,28
60542,27
61821,27
60002,27
46383,27
60044,27
61822,26
60050,26
60013,26
61801,26
60048,26
60175,26
60545,26
60450,25
52001,25
60022,25
46303,24
61101,23
62901,23
60118,23
46373,23
46402,23
60136,22
60069,22
53704,22
60083,22
62703,22
60447,21
60480,21
60476,21
53142,21
60084,21
60410,21
60915,21
60555,21
46405,21
60635,20
46304,20
60051,20
60020,19
61704,18
60152,18
60178,18
UNK,17
61109,17
60442,17
47905,17
46350,17
62704,17
52404,17
61103,16
53147,16
60401,16
61604,16
53215,16
61107,16
49085,15
61201,15
60042,15
52240,15
61301,15
61802,15
60416,15
53143,14
61244,14
46516,14
61104,14
47906,14
53209,14
52246,14
62702,14
61265,14
53144,14
53206,13
60958,13
60481,13
53711,13
60666,13
53713,13
46224,13
54220,13
60033,13
60554,13
61032,13
46628,12
53210,12
47909,12
53719,12
61614,12
53154,12
61866,12
53216,12
60040,12
60190,11
53208,11
60119,11
61364,11
47904,11
61350,11
46341,11
61920,11
60648,10
53140,10
46356,10
46229,10
60097,10
46902,10
61401,10
54935,10
61603,10
61443,9
60043,9
60556,9
49503,9
46235,9
60950,9
53222,9
53207,9
53548,9
61554,9
61282,9
61455,9
60408,9
53218,9
46806,9
46254,9
52732,9
606,9
60548,8
53406,8
62521,8
11230,8
61021,8
63130,8
60650,8
60012,8
53204,8
53223,8
53105,8
46615,8
53225,8
48911,8
46218,8
55106,8
60954,8
30058,8
44121,8
30067,8
46970,8
48322,8
63112,8
60690,8
60421,8
46514,8
49423,7
62526,7
62234,7
52403,7
61081,7
48146,7
30101,7
61341,7
49506,7
55426,7
60081,7
61605,7
46517,7
65201,7
46226,7
54956,7
53158,7
46619,7
46614,7
60658,7
46947,7
61938,7
60667,7
20148,7
46239,7
48237,7
49117,7
60184,7
30188,7
63129,7
60806,7
62711,7
46222,7
61111,7
53186,6
77007,6
54952,6
46203,6
61073,6
0,6
45211,6
46037,6
95757,6
49006,6
60940,6
60041,6
40299,6
49022,6
98052,6
46143,6
53219,6
48105,6
46310,6
48098,6
46268,6
46201,6
45069,6
52722,6
62025,6
48104,6
46032,6
48197,6
53916,6
80031,6
77095,6
30349,6
53202,6
48374,6
60551,6
60096,6
33914,6
60135,6
94122,6
53404,6
61354,6
53224,6
53211,6
54403,6
52601,6
49341,6
61607,6
62522,6
77449,6
61764,6
49507,6
53221,5
47901,5
53005,5
46825,5
55411,5
54901,5
62966,5
53703,5
60157,5
62301,5
53045,5
62783,5
60021,5
46554,5
53184,5
32811,5
53089,5
64111,5
37208,5
30331,5
60151,5
53590,5
54911,5
53545,5
48075,5
46214,5
53212,5
54303,5
56001,5
49504,5
79911,5
30260,5
65203,5
85301,5
97006,5
28262,5
48025,5
60600,5
53402,5
61611,5
33460,5
55110,5
49508,5
50010,5
46392,5
47303,5
60964,5
50014,5
63031,5
48323,5
33065,5
60699,5
34741,5
53081,5
61525,5
75180,5
61115,5
63136,5
60852,5
48328,5
62535,5
52761,5
48198,5
48154,5
60552,5
43537,5
UNKNOWN,5
53217,5
53718,5
85143,5
30044,5
53214,5
38671,5
53403,5
61065,5
46613,5
49770,5
60512,5
30134,5
61523,5
37211,5
46616,5
46260,5
53705,5
61615,5
60034,5
52806,5
43560,5
33023,4
78665,4
48047,4
44512,4
30168,4
85015,4
30096,4
46123,4
66614,4
30318,4
60460,4
46953,4
44094,4
60088,4
53213,4
60468,4
7746,4
54313,4
55419,4
55987,4
46804,4
33139,4
72209,4
61843,4
48532,4
63123,4
49079,4
53128,4
63043,4
43228,4
46391,4
49048,4
60116,4
49001,4
49424,4
89119,4
44122,4
61080,4
98166,4
33160,4
49464,4
44805,4
62249,4
62959,4
45202,4
33178,4
33617,4
61361,4
34982,4
46816,4
30126,4
46544,4
52804,4
98105,4
45056,4
48324,4
53593,4
55434,4
60080,4
53150,4
44145,4
72758,4
53092,4
53179,4
61550,4
48187,4
30294,4
80020,4
61114,4
63103,4
53589,4
77493,4
46202,4
55125,4
43017,4
60668,4
46142,4
30093,4
55421,4
46205,4
53188,4
46975,4
43220,4
61250,4
46237,4
55109,4
56301,4
80122,4
38305,4
46377,4
43224,4
30157,4
52402,4
54914,4
61252,4
60970,4
48186,4
55105,4
75181,4
46545,4
54301,4
85226,4
33801,4
46507,4
50211,4
50501,4
48601,4
49548,4
55104,4
46168,4
51106,4
89147,4
85041,4
85035,4
30238,4
37076,4
46528,4
34711,4
44846,4
62226,4
33063,4
75071,4
62002,4
42003,4
98043,4
60434,4
62656,4
46033,4
47714,4
20190,4
48340,4
78109,4
43026,4
72076,4
32839,4
60673,4
90024,4
48073,4
46074,4
56303,4
48236,4
61571,4
53085,4
78043,3
55129,3
60420,3
49106,3
48228,3
10463,3
62401,3
49002,3
40208,3
30316,3
48307,3
11229,3
33594,3
54304,3
61602,3
60024,3
98033,3
55443,3
10573,3
54467,3
44035,3
46217,3
28227,3
46208,3
44012,3
60427,3
44240,3
47960,3
49037,3
46077,3
38646,3
34787,3
60036,3
32828,3
53575,3
61422,3
50701,3
58201,3
50702,3
92114,3
98409,3
66203,3
30083,3
77047,3
49093,3
53717,3
61234,3
45506,3
55422,3
32822,3
32514,3
53233,3
65804,3
48314,3
80205,3
48124,3
46227,3
7055,3
38801,3
30606,3
46060,3
61054,3
46038,3
77070,3
98011,3
50315,3
85254,3
75052,3
60664,3
48507,3
48864,3
48126,3
37203,3
78258,3
43229,3
48313,3
91324,3
43074,3
48910,3
60105,3
48843,3
37217,3
33523,3
55369,3
80301,3
54115,3
27587,3
63084,3
60407,3
61548,3
60028,3
54701,3
32712,3
44236,3
54302,3
48219,3
31419,3
37128,3
77057,3
32714,3
32246,3
38751,3
30019,3
43035,3
38125,3
61732,3
90064,3
46901,3
60948,3
84119,3
76133,3
75243,3
63034,3
30306,3
78741,3
11570,3
53546,3
49128,3
48085,3
54212,3
38111,3
34134,3
55906,3
65301,3
53132,3
30132,3
63401,3
60674,3
34102,3
46534,3
70301,3
75230,3
55408,3
43231,3
48239,3
46550,3
80223,3
50588,3
75165,3
72204,3
32837,3
54114,3
43068,3
53090,3
61012,3
89117,3
60125,3
63368,3
85225,3
46526,3
61088,3
40219,3
50616,3
38016,3
49505,3
44134,3
50263,3
47404,3
60961,3
62221,3
55420,3
94544,3
30236,3
63379,3
80228,3
32308,3
49418,3
62948,3
45840,3
61360,3
52501,3
49009,3
64114,3
49098,3
48201,3
53963,3
46401,3
55414,3
52306,3
76137,3
62918,3
52241,3
46387,3
61705,3
11214,3
67060,3
54130,3
53095,3
43402,3
43615,3
61068,3
33157,3
62650,3
21001,3
63135,3
48889,3
28544,3
57324,3
49315,3
46231,3
32303,3
61342,3
72117,3
63122,3
39209,3
11385,3
55804,3
50131,3
46204,3
46996,3
52233,3
53227,3
60424,3
11375,3
34119,3
63128,3
30344,3
37042,3
90016,3
20815,3
33138,3
44056,3
94506,3
2148,3
75043,3
47978,3
6511,3
90201,3
45244,3
31313,3
78230,3
44067,3
49428,3
30016,3
68801,3
37912,3
20001,3
28117,3
21234,3
60141,3
61356,3
60511,3
44133,3
60663,3
63120,3
44109,3
46637,3
60075,3
90020,3
37040,3
63125,3
78212,3
61270,3
49802,3
30043,3
63131,3
54601,3
60112,3
63366,3
48033,3
60029,3
52002,3
47933,3
53170,3
49512,3
32225,3
48227,3
6049,3
60454,3
32805,3
48382,3
49038,3
33025,3
41042,3
50266,3
53013,3
38057,3
48858,3
49203,3
63141,3
91360,3
28210,3
61071,3
61011,3
55404,3
87105,3
60017,3
94134,3
78254,3
55077,3
61016,3
48331,3
80216,3
61856,3
55401,3
45239,3
85282,3
32825,3
50309,3
62629,3
45140,3
43235,3
70126,3
48306,3
94403,2
21078,2
44135,2
33928,2
92504,2
78245,2
53122,2
11221,2
44119,2
66102,2
33870,2
33076,2
85234,2
8054,2
45402,2
53073,2
11355,2
22903,2
49055,2
55124,2
97123,2
30071,2
33313,2
43004,2
40511,2
77406,2
60672,2
98823,2
27617,2
43215,2
60405,2
52807,2
53715,2
48108,2
62837,2
55431,2
44022,2
94538,2
48336,2
54153,2
18036,2
32832,2
44202,2
71203,2
46552,2
63115,2
2128,2
73131,2
53558,2
37214,2
2645,2
91105,2
55128,2
44138,2
13502,2
43607,2
77004,2
49056,2
48223,2
53168,2
55407,2
77045,2
33486,2
47130,2
30038,2
61070,2
8816,2
76148,2
75075,2
75081,2
70058,2
48840,2
61560,2
89106,2
38606,2
70607,2
55305,2
61773,2
46563,2
75252,2
64506,2
60019,2
19341,2
32967,2
92691,2
10019,2
48317,2
20002,2
47274,2
50124,2
40509,2
53115,2
63104,2
48309,2
30308,2
33015,2
1905,2
32810,2
L3S 3Z2,2
61072,2
1720,2
33880,2
92083,2
46122,2
92342,2
60700,2
27713,2
60180,2
42071,2
40144,2
64152,2
28270,2
66019,2
75154,2
53094,2
78216,2
46250,2
60676,2
65101,2
85140,2
38654,2
61953,2
52802,2
32817,2
34698,2
22201,2
30035,2
62207,2
49251,2
7901,2
60701,2
56201,2
60693,2
60541,2
32277,2
30076,2
32738,2
40241,2
80643,2
98122,2
63114,2
45040,2
28202,2
98117,2
52655,2
49340,2
77373,2
34759,2
54016,2
39564,2
44070,2
63033,2
65803,2
19446,2
67217,2
30341,2
48207,2
60518,2
10023,2
85008,2
46580,2
60801,2
43219,2
89109,2
34608,2
60167,2
33304,2
50169,2
71220,2
33414,2
60078,2
76104,2
38128,2
54646,2
44319,2
34110,2
30165,2
90632,2
53525,2
49878,2
53235,2
61606,2
33966,2
49047,2
43123,2
70124,2
32065,2
46714,2
36606,2
68521,2
10469,2
11102,2
52738,2
61469,2
11233,2
3842,2
23513,2
32119,2
61833,2
60669,2
75023,2
33884,2
90057,2
48188,2
35805,2
31210,2
89052,2
45410,2
32809,2
47401,2
33301,2
37075,2
3079,2
34744,2
55021,2
54729,2
50265,2
60912,2
62917,2
95125,2
44221,2
6608,2
61616,2
95746,2
68134,2
63144,2
78572,2
34747,2
43551,2
38127,2
85043,2
5401,2
19096,2
44105,2
48141,2
55391,2
53726,2
55417,2
75254,2
45217,2
92801,2
41075,2
89110,2
90039,2
2420,2
52317,2
55379,2
62269,2
81623,2
75241,2
70802,2
11235,2
55306,2
61084,2
33409,2
33510,2
53190,2
48017,2
71913,2
76135,2
30046,2
97478,2
85339,2
89128,2
60221,2
79912,2
27893,2
18966,2
8701,2
78045,2
30310,2
92008,2
34957,2
49010,2
55406,2
75019,2
55082,2
43212,2
34465,2
46278,2
60161,2
6516,2
46835,2
78702,2
37716,2
78501,2
19154,2
90221,2
47620,2
64052,2
44333,2
92027,2
46055,2
63640,2
78202,2
92010,2
39213,2
89118-1121,2
90706,2
48335,2
91202,2
79938,2
20910,2
44241,2
30350,2
33326,2
90034,2
35160,2
49242,2
76033,2
64119,2
44107,2
85018,2
49855,2
70043,2
92831,2
52245,2
31763,2
77584,2
46808,2
7751,2
59802,2
90063,2
75040,2
63147,2
92672,2
27101,2
14206,2
48310,2
94301,2
76541,2
30736,2
60747,2
90301,2
46819,2
55412,2
53104,2
89123,2
44053,2
78726,2
15213,2
48416,2
80219,2
98155,2
47304,2
46371,2
30315,2
37209,2
91786,2
37172,2
48316,2
55901,2
85392,2
54241,2
66047,2
32707,2
48706,2
44060,2
60688,2
27409,2
20747,2
75287,2
48189,2
72143,2
48009,2
14611,2
79934,2
41071,2
72206,2
33021,2
63127,2
46805,2
60717,2
85719,2
64064,2
94105,2
19803,2
55343,2
33707,2
45324,2
90027,2
44311,2
89074,2
35064,2
30253,2
30040,2
33162,2
6489,2
32818,2
85037,2
34714,2
72701,2
10528,2
14103,2
85017,2
60817,2
54772,2
19038,2
92203,2
39059,2
16506,2
33177,2
62450,2
77021,2
92602,2
73132,2
53042,2
30080,2
29210,2
52405,2
20745,2
8094,2
81402,2
98548,2
60414,2
92880,2
52803,2
98058,2
78552,2
21801,2
48348,2
44055,2
49301,2
30004,2
77006,2
77338,2
51501,2
45224,2
37043,2
35816,2
61722,2
78240,2
30039,2
89149,2
62236,2
30030,2
45219,2
55446,2
37338,2
94702,2
76117,2
44306,2
63118,2
30504,2
39120,2
55103,2
77433,2
30034,2
28277,2
80104,2
70002,2
34748,2
49090,2
30114,2
60818,2
87114,2
60170,2
50023,2
85253,2
54660,2
55112,2
48823,2
74429,2
80018,2
43232,2
63113,2
53405,2
90026,2
98115,2
62233,2
30009,2
43054,2
41011,2
58078,2
80206,2
65583,2
60643-3112,2
93711,2
61738,2
60824,2
98004,2
90007,2
98032,2
49053,2
53051,2
33825,2
62666,2
40223,2
37115,2
2122,2
60183,2
71112,2
4102,2
61061,2
14621,2
95050,2
11746,2
78753,2
18062,2
97140,2
60207,2
98208,2
77396,2
49120,2
56304,2
29577,2
64073,2
49649,2
60705,2
49083,2
94806,2
11105,2
46225,2
46113,2
68164,2
43512,2
65109,2
29492,2
93550,2
47201,2
47408,2
60113,2
43081,2
60844,2
90036,2
60955,2
48708,2
51105,2
1503,2
46531,2
37086,2
47203,2
38242,2
53965,2
80204,2
66018,2
43311,2
85388,2
38012,2
46845,2
66212,2
50208,2
62621,2
54703,2
60146,2
33909,2
30047,2
85635,2
60479,2
2150,2
32701,2
55409,2
62568,2
99999,2
75214,2
48070,2
11368,2
54904,2
41005,2
6037,2
53562,2
77546,2
49129,2
32955,2
7417,2
55311,2
55347,2
40601,2
77479,2
89139,2
28215,2
77062,2
53151,2
33407,2
27609,2
44106,2
29926,2
53195,2
68776,2
56387,2
45459,2
98146,2
41051,2
53220,2
77469,2
55066,2
600616,2
60052,2
60619`,2
97302,2
55118,2
69632,2
63005,2
90630,2
6063,2
49345,2
29407,2
75104,2
60721,2
76542,2
27107,2
85206,2
49525,2
63701,2
46388,2
32835,2
36116,2
77494,2
46802,2
77064,2
42701,2
70560,2
55802,2
55805,2
54812,2
43227,2
49107,2
90810,2
30281,2
33132,2
55337,2
61362,2
60549,2
54943,2
62305,2
99508,2
53114,2
34691,2
53120,2
46380,2
44132,2
53716,2
92646,2
29488,2
70529,2
60531,2
49509,2
28269,2
30228,2
63146,2
73160,2
29102,2
33570,2
60533,2
46220,2
33137,2
6053,2
33182,2
53185,2
78201,2
98373,2
61319,2
68502,2
49024,2
61239,2
94605,2
48836,2
95051,2
10038,2
77573,2
53226,2
85138,2
33311,2
6017,2
77090,2
55330,2
60507,2
92620,2
72104,2
85298,2
93722,2
7087,2
62930,2
62040,2
89101,2
53182,2
46803,2
48235,2
40216,2
34142,2
60686,2
55107,2
43612,2
15236,2
53121,2
49091,2
68111,2
46774,2
10037,2
60665,2
32091,2
63108,2
61038,2
38118,2
55429,2
53012,2
62294,2
60708,2
12946,2
30062,2
45237,2
33027,2
95959,2
54603,2
92111,2
27406,2
53538,2
78249,2
46561,2
19139,2
87121,2
30106,2
62298,2
27405,2
48120,2
44212,2
27516,2
92840,2
77036,2
57702,2
11735,2
48080,2
32539,2
94509,2
45315,2
34758,2
53110,2
19350,2
7728,1
1701,1
16142,1
40014,1
39575,1
99353,1
76549,1
60182,1
55410,1
45804,1
74331,1
39347,1
76001,1
20601,1
68154,1
30052,1
77407,1
52358,1
83703,1
63126,1
89145,1
11218,1
17067,1
2000034516,1
98134,1
50035,1
97227,1
61033,1
85324,1
98186,1
91763,1
16504,1
56367-7501,1
70506,1
56368,1
53228,1
54306,1
78611,1
88401,1
7306,1
80525,1
32724,1
33579,1
92130,1
30314,1
20755,1
77091,1
46558,1
75227,1
92792,1
94703,1
43660,1
94709,1
95031,1
92630,1
89129,1
16125,1
73119-0000,1
32940,1
48202,1
64151,1
71534,1
47995,1
83001,1
66210,1
23225,1
61520,1
23233,1
71671,1
42721,1
75501,1
68105,1
36532,1
7424,1
29581,1
48067,1
78717,1
94044,1
2770,1
83455,1
49072,1
44870,1
52632,1
95355,1
54404,1
30045,1
74066,1
10466,1
11106,1
14208,1
72205,1
69057,1
46040,1
45327,1
49093-8526,1
54029,1
74075,1
92264,1
90731,1
30333,1
40741,1
20854,1
60179,1
36869,1
99206,1
10031,1
21230,1
53936,1
10112,1
52748,1
77076,1
19320,1
6460,1
851423,1
93245,1
20009-2626,1
89135,1
91803,1
95831,1
92124,1
35473,1
96080,1
57373,1
10458,1
53010,1
48911-2352,1
63026,1
48160,1
11207,1
38836,1
60620312,1
25701,1
60290,1
22553,1
48138,1
75070,1
79413,1
94025,1
70119,1
60981,1
33179,1
50093,1
47725,1
65807,1
98057-2327,1
50317,1
60807,1
35235,1
2124,1
28326,1
90008,1
32926,1
80911,1
67547,1
62467,1
32408,1
63016,1
80121,1
75056,1
60767,1
55122,1
45807,1
44110,1
36603,1
47567,1
54401,1
93720,1
61769,1
48211-1838,1
65202,1
48127,1
27514,1
21045,1
54245,1
39756,1
75219,1
60911,1
89048,1
46376,1
39056,1
77807,1
60942,1
47974,1
49938,1
74801,1
28208,1
75146,1
33610,1
83843,1
30752-5464,1
33777,1
91762,1
51031,1
19138,1
61944,1
60539,1
63117,1
35981-3341,1
72227-5641,1
58801,1
20019,1
70435,1
46357,1
5136,1
6061,1
47138,1
80516,1
33967,1
34772,1
97544,1
60253,1
40291,1
20852,1
14266,1
76036,1
24014,1
36345,1
54306-2545,1
55415,1
60679,1
93108,1
30542,1
46346,1
10965,1
90250,1
60494,1
67209,1
76092,1
45036,1
7302,1
90265,1
46815,1
62870,1
33908,1
33993,1
62806,1
1524,1
33990,1
85281,1
1364,1
83714,1
60032,1
8540,1
6084,1
79903,1
74103,1
43701,1
27513,1
10306,1
47834,1
63101,1
75807,1
30338,1
45458,1
13208,1
80234,1
65015,1
83651,1
33609,1
32256,1
48504-3005,1
60059,1
7724,1
74834,1
92530,1
61048,1
47119,1
33487,1
90503,1
19020,1
94612,1
48602,1
40222,1
2130,1
94110,1
32024,1
89052-1548,1
32609,1
49451,1
49082,1
47403,1
77099,1
87120,1
48230,1
80526,1
96720,1
49265,1
56560,1
51579,1
78207,1
93440,1
53598,1
60655-1804,1
45084,1
43452,1
3650025296,1
73072,1
15765,1
37932,1
49031,1
39202,1
53955,1
10456,1
75212,1
89120,1
46933,1
60236,1
2066,1
63021,1
62914,1
85206-3768,1
62863,1
606052,1
30533,1
45152,1
91776,1
90270,1
61570,1
98108,1
80231,1
30092,1
22033,1
43694,1
94114,1
48304,1
98569,1
94515,1
43620,1
37205,1
91701,1
6032,1
77084,1
98548-9668,1
60823,1
5733,1
83687,1
49030,1
38053-2301,1
51443,1
27909,1
91303,1
606028,1
49060,1
66739,1
27812,1
72360,1
45414,1
60802,1
33055,1
7503,1
853,1
60845,1
30707,1
30276,1
29067,1
38109,1
50311,1
27834,1
33169,1
63138,1
10009,1
34952,1
87821,1
35756,1
61728,1
53177,1
1035,1
85716,1
51012,1
46733,1
67235,1
66112,1
80108,1
35073,1
6840,1
49221,1
30721,1
85004,1
33165,1
78250,1
49130,1
85630,1
52347,1
80126,1
84124,1
93401,1
7111,1
46364,1
2602,1
75901,1
14904,1
77014,1
47037,1
22134,1
49344,1
52060,1
21030,1
8827,1
91745,1
74065,1
92808,1
77028,1
92274,1
98466,1
90001,1
33605,1
6095,1
53821,1
83145,1
90004,1
91325,1
68240,1
1622,1
78735,1
56120,1
91311,1
49269,1
18446,1
39063,1
27801,1
75044,1
31404,1
30265,1
27858,1
6883,1
48439,1
98075,1
7090,1
27511,1
78251,1
24531,1
53551,1
54166,1
14526,1
96825,1
98031,1
68138,1
64157,1
38115,1
2021,1
60642-7662,1
97266,1
75218,1
40508,1
68526,1
73758,1
50676,1
60830,1
95301,1
68184,1
38104,1
10520,1
33305,1
34984,1
60698,1
60117,1
6854,1
64468,1
33484,1
60520,1
85374,1
47715,1
57783,1
77303,1
4647,1
34202,1
58256,1
61370,1
42086,1
72853,1
90806,1
75762,1
10952,1
38901,1
46013,1
4101,1
33702,1
21075,1
72824,1
48875,1
49022-5548,1
19148,1
24277-0428,1
66221,1
34285,1
19130,1
60913,1
74105,1
92376,1
48093,1
38401,1
62812,1
55305-3836,1
34145,1
77833,1
33433,1
37212,1
92805,1
33054-3436,1
6878,1
64137,1
39553,1
87109,1
77345,1
23234,1
28311,1
19114,1
33772-5922,1
29631,1
30156,1
32507,1
80951,1
30022,1
53129,1
70811,1
33810,1
606021,1
66286,1
38619,1
29036,1
17264,1
98496,1
48912,1
19067,1
52406,1
62956,1
33919,1
52227,1
54630,1
39652,1
8069,1
98226,1
97210,1
30265-1892,1
1930,1
77016,1
19330,1
97401,1
55952,1
19805,1
77008,1
80915,1
33408,1
23608,1
35401,1
38732,1
08723-7921,1
27041,1
77068,1
28390,1
49401,1
15701,1
91932,1
92612,1
45308,1
7607,1
80021,1
62558,1
84047,1
55101-1403,1
33947,1
35950,1
85607,1
77479-5461,1
98859,1
29405,1
11238,1
60474,1
76210,1
45249,1
54968,1
52356,1
46818,1
64110,1
30120,1
11213,1
79922,1
58401,1
55071,1
63590,1
60139-3458,1
95616,1
23322,1
802,1
17019,1
91016,1
49425,1
31063,1
59463,1
70403,1
49201,1
33715,1
15215,1
70812,1
35051,1
38024,1
89436,1
61559,1
85086,1
42461,1
40688,1
51568,1
46913,1
37027,1
91361,1
29687,1
2467,1
48159,1
10603,1
44077,1
16146,1
62281,1
606446,1
35672,1
54618,1
30122,1
606513,1
48060,1
19053,1
6057,1
78736-3629,1
60935,1
26858,1
68157,1
62545,1
6004,1
3512,1
48118,1
50677,1
49546,1
72450,1
85262,1
98223,1
45424,1
476,1
15205,1
98233,1
77384,1
38114,1
65251,1
11720,1
80221,1
33404,1
54985,1
80907,1
91042,1
93536,1
80910,1
84098,1
56347,1
53040,1
62275,1
64055,1
64116,1
28159,1
93036,1
92841,1
15222,1
28348,1
30269,1
7028,1
76106,1
28806,1
78573,1
54648,1
49089,1
95148,1
10580,1
29209,1
49448,1
7045,1
77088,1
91711,1
78537,1
33161-0000,1
31201,1
54531,1
38017-9332,1
43460,1
44011,1
73013,1
19607,1
32139,1
49067,1
46131,1
88130,1
45174,1
19116,1
60808,1
50864,1
76119,1
28205,1
17404,1
70819,1
62627,1
14204,1
7642,1
80550,1
27603,1
65219,1
33166,1
98144-5108,1
CB8 OBB,1
33173,1
4086,1
33009,1
33606,1
40059,1
77489,1
63106,1
45209,1
92249,1
12020,1
12019,1
21409,1
49418-2852,1
98685,1
60550,1
19090,1
75862,1
34769,1
45213,1
80112,1
11520,1
98597,1
60770,1
53172,1
45214,1
80626,1
39206,1
80215,1
33156,1
76067,1
79904,1
92603,1
33037,1
60208,1
40324,1
73119,1
63390,1
82072,1
35150,1
20817,1
72078,1
6063629,1
54235,1
85344,1
78223,1
39577,1
38771,1
75007,1
3894,1
50638,1
20001-5429,1
20853,1
98501,1
59330,1
89142,1
44310,1
62062,1
34786,1
923,1
7202,1
98407,1
40205,1
50313,1
957,1
35802-1417,1
60485,1
30340-3256,1
33018,1
48210-2758,1
30017,1
5517,1
54449,1
850201464,1
852251078,1
30252,1
34275,1
37204,1
50707,1
54476,1
52753,1
53531,1
600630,1
66062,1
90042,1
48213,1
48609-6751,1
38641,1
33014,1
75551,1
27046,1
17547,1
93560,1
47711,1
34983,1
33312,1
48837,1
30680,1
43055,1
60340,1
64320,1
35205-3021,1
49444,1
77581,1
29307,1
27614,1
46324-2035,1
76028,1
50219,1
61036,1
60085-6633,1
33181,1
2860,1
34746,1
89027-2709,1
11766,1
37849,1
47307,1
50009,1
32789,1
54411,1
32534,1
76040,1
30342,1
31322,1
82935,1
62701,1
90025,1
60508,1
94601,1
61849,1
55362,1
60928,1
32827,1
3087,1
60158,1
99347,1
48021,1
95205,1
78385,1
29406,1
37397,1
37820,1
49302,1
46382,1
60743,1
46130,1
46308,1
55975,1
92078,1
76548,1
60922,1
19146,1
97217,1
94028,1
39111,1
35630,1
60313,1
46305,1
11232,1
91423,1
T5M 0L1,1
53555,1
79936,1
98569-9412,1
77074,1
68237,1
39401,1
54959,1
5301,1
60470,1
79925,1
6053,1
94710,1
31749,1
56379,1
18326,1
28112,1
83402,1
99352,1
46332,1
40320,1
33161,1
33334,1
49854,1
37122,1
48152,1
60065,1
73106,1
6065,1
78046,1
37772,1
8524,1
36801,1
46302,1
38610,1
91335,1
66022,1
2458,1
27106,1
98001,1
22209,1
6062,1
53066,1
20180-8566,1
55003,1
76010,1
38930,1
23237-2389,1
76112,1
76105,1
49005,1
91977,1
31548,1
62557,1
60197,1
52621,1
95823,1
85122,1
91352,1
2905,1
45322,1
31808,1
27610,1
57209,1
38018,1
61254,1
45406,1
85024,1
42536,1
53183,1
98056,1
75236,1
98370,1
28078-3823,1
60027,1
91942,1
30326,1
60909,1
99506,1
1545,1
75134,1
48617,1
80804,1
98072,1
33130,1
12065,1
80012,1
33418,1
95667,1
46883,1
34996,1
61634,1
20017,1
27545,1
59110,1
66429,1
54406,1
60691,1
35010,1
48849,1
43920,1
16407,1
8873,1
78227,1
07065-5171,1
93313,1
70816,1
53203,1
61873,1
93725,1
17319,1
92392,1
84601,1
74851,1
78261,1
70117,1
16319,1
48842,1
80247,1
2186,1
89131,1
44125,1
50322,1
67878,1
28217,1
17042,1
47948,1
27870,1
61317,1
88203,1
55016,1
30039-5234,1
30052-5314,1
31907,1
48234,1
96706,1
15237,1
49442,1
44203,1
94115,1
43078,1
10438,1
54311,1
54747,1
37931,1
53146,1
95123,1
62095,1
61212,1
49009-8537,1
76522,1
11369,1
85861,1
53744,1
49441,1
85296,1
33924,1
72611,1
53058,1
74129,1
33445-5911,1
33428,1
69345,1
22079,1
83447,1
80528,1
23223,1
55104-4907,1
10025,1
70820,1
62424,1
45658,1
19115,1
60832,1
37341,1
1950,1
91411,1
77380,1
33511,1
92704,1
93612,1
46396,1
46328,1
80002,1
35135,1
68123,1
85250,1
14608,1
97080,1
89447,1
35951,1
52450,1
21043,1
44115,1
93905,1
61865,1
66585,1
55068,1
44646,1
54656,1
28669,1
38666,1
27401,1
36527,1
62875,1
18704,1
61410,1
60864,1
53176,1
42267,1
33626,1
33618-1853,1
46979,1
49601,1
28791,1
8260,1
37127,1
33907,1
87122,1
2001,1
40403,1
48323-2426,1
02139-3939,1
34771,1
32244,1
I,1
6064 1,1
72745,1
72032,1
06053-1952,1
46347,1
63049,1
34018,1
93247,1
19131,1
2127,1
10027,1
6106,1
55119,1
84205,1
80233,1
92405,1
77083,1
46761,1
30135-8801,1
46118,1
38122,1
14850,1
49036,1
35160-4626,1
66207,1
98125,1
33477,1
34743,1
10301,1
22150,1
73110,1
74701,1
87401,1
53106,1
35803,1
2134,1
53956,1
90045,1
50320,1
81657,1
84075,1
44130,1
2906,1
78520,1
94608,1
77511,1
32216-0000,1
98203,1
84511,1
93309,1
85224,1
13760,1
45212,1
49306,1
33185,1
53579,1
77061,1
52423,1
85741,1
90275,1
55723,1
34653,1
31632,1
6435,1
97402,1
70003,1
77055,1
19143,1
26508,1
78218,1
45207,1
609653,1
66025,1
45241,1
7094,1
33859,1
20762,1
7932,1
48212,1
22182,1
57104,1
6020,1
48504,1
62286,1
98121,1
49103,1
17815,1
80132,1
54755,1
72903,1
65810,1
33584,1
61087,1
72704,1
78064,1
60072,1
91010,1
21044,1
5494,1
95422,1
60037,1
6,1
66805,1
85050,1
2144,1
28031,1
43213,1
55904,1
75652,1
37216,1
46504,1
49646,1
75654-4721,1
10527,1
38116-8460,1
20751,1
70131,1
10470,1
18103,1
85739,1
14624,1
61046,1
38141,1
60918,1
68333,1
76052,1
31014,1
60055,1
33469,1
37342,1
61449,1
14207,1
33186,1
21215,1
15683,1
98201,1
44112,1
60813,1
44502,1
48866,1
10471,1
600007,1
33019,1
44685,1
44720,1
60145,1
2771,1
31093,1
30012-3600,1
93535,1
2601,1
92240,1
28545,1
55445,1
92563,1
46601,1
3909,1
75244,1
55126-3825,1
75006,1
53549,1
78225,1
21216,1
61377,1
07712-6889,1
38372,1
67846,1
56237,1
600633,1
41360,1
86004-4421,1
6451,1
43613,1
60814,1
19082,1
19104,1
75001,1
62951,1
33635,1
60437,1
91603,1
32127-5537,1
31406,1
42164,1
55432,1
40214,1
31904,1
81620,1
606097,1
52248,1
60168,1
7960,1
33314,1
700563,1
46439,1
35040,1
48076,1
46586,1
10017,1
10021,1
70663,1
53503,1
45321,1
32127,1
77049,1
60825,1
27604,1
98136,1
11507,1
83607,1
77044,1
34711-7668,1
90002,1
91504,1
46135,1
45284,1
6185,1
07108-2709,1
69607,1
39211,1
98026,1
43360,1
85374-7065,1
92660,1
14580,1
39562,1
46349,1
49321,1
25404,1
86440,1
49177,1
55694,1
22407,1
60426-6120,1
L9K OH5,1
55656,1
48211,1
84088,1
21737,1
60009,1
46163,1
61060,1
79932,1
2724,1
48150,1
32333,1
62194,1
72512,1
27330,1
33068,1
28405,1
38821,1
56253,1
6039,1
94014,1
11459,1
46738,1
80430,1
1915,1
37686,1
30161,1
49686,1
44641,1
3801,1
7524,1
62088,1
29063,1
15132,1
60566,1
78758,1
60006,1
92154,1
37385,1
27028,1
43203,1
68022,1
78640,1
53587,1
53584,1
49799,1
49665,1
49417,1
30313,1
30340,1
29206,1
46296,1
31523,1
64444,1
60200,1
98126,1
98119,1
10024,1
61462,1
47963,1
60303,1
76053,1
75062,1
36322,1
31411,1
20164,1
6477,1
39759,1
85286,1
55441,1
46814,1
49668,1
45377,1
36526,1
10036,1
46919,1
58202,1
55411-1075,1
98225,1
8820,1
38851-3124,1
606425,1
50304,1
43614,1
2760,1
94127,1
63501,1
53507,1
92562,1
64804,1
96734,1
15206,1
27320,1
61483,1
80214,1
63348,1
67866,1
02446-5113,1
95129,1
77346,1
75013,1
46703,1
46553,1
2301,1
43231-7633,1
70118,1
99683,1
72058,1
38075,1
75205,1
55902-1653,1
22015,1
76306,1
74070,1
74114,1
`,1
24141,1
8753,1
63626,1
10028,1
92270,1
92881,1
60553,1
52730,1
50703,1
61534,1
34668,1
21223,1
92618,1
49635,1
23456,1
6629,1
53901,1
45043,1
12217,1
19078,1
19036,1
65712,1
29069,1
12896,1
43209,1
7047,1
61753,1
62420,1
60843,1
60150,1
38134,1
68781,1
98037,1
44301,1
54005,1
20716,1
92211,1
32312,1
48178,1
61322,1
71665,1
55403,1
55108-1525,1
60815,1
32301,1
48083,1
54669,1
52340,1
62230,1
98405,1
48306-1755,1
76543,1
602022,1
12572,1
45240,1
49054,1
45365,1
15601,1
66609,1
66606,1
92532,1
52333,1
606019,1
68507,1
63385,1
29040,1
11215,1
61436,1
01585-3246,1
33129,1
65105,1
33971,1
41097,1
95407,1
53233-1512,1
62204,1
77043,1
92129,1
8234,1
78542,1
68132,1
50158,1
60959,1
75074,1
27519,1
45231,1
48214,1
34757,1
54228,1
95062,1
53191,1
55449,1
20180,1
48180,1
70714,1
33480,1
74084,1
57670,1
61932,1
46926,1
75216,1
61937,1
42103,1
48375,1
61015,1
86442,1
82716,1
82836,1
38635,1
34208,1
48089,1
02482-4536,1
98012,1
80005,1
2019,1
85021,1
49027,1
68803,1
33711,1
85345,1
63017,1
8201,1
23669,1
11737,1
80246,1
46312-3344,1
98499-8576,1
54932,1
44116,1
22309,1
20874,1
61874,1
78705,1
44139,1
27606-2972,1
17517,1
10472,1
49434,1
53520,1
43064,1
60261,1
76088,1
32824,1
91343,1
61501,1
1852,1
60459-2834,1
7034,1
49412,1
33446,1
32312-3629,1
11518,1
46140,1
46440,1
47265,1
83404,1
77484,1
77027,1
53205,1
89130,1
18034,1
46992,1
90807,1
21237,1
7920,1
34242,1
02121-1548,1
80501,1
28532-1987,1
11219,1
33043,1
19152,1
55371,1
6062377,1
78727,1
26105,1
39540,1
76131,1
55117,1
14222,1
32844,1
622234,1
2852,1
40514,1
53597,1
80537,1
78641,1
76301,1
60562,1
60071,1
606347,1
46875,1
48048,1
60057,1
22203,1
90247,1
65809,1
22305,1
44903,1
95821,1
85303,1
49331,1
32780,1
75040-8114,1
14618,1
6902,1
33064-2537,1
10029,1
32117,1
19079,1
89141,1
89031,1
61723,1
55416,1
23235,1
92071,1
84108,1
71446,1
28025,1
27244,1
21207,1
33763,1
85284,1
95330,1
71643,1
80524,1
6041,1
16063,1
55445-0000,1
48170-6327,1
33578,1
5264,1
28107,1
38040,1
37130,1
34243,1
61725,1
47986,1
48216,1
70005,1
47431,1
85395,1
35080,1
53079,1
44136,1
22191,1
94568,1
34113,1
39702,1
51104,1
27407,1
77067,1
37419,1
29301,1
80583,1
99775,1
68007,1
19382,1
77502,1
52242,1
551196,1
55116,1
44368,1
61744,1
72113,1
19149,1
52003,1
61089,1
70807,1
70657,1
1270,1
2725,1
37073,1
32765,1
47243,1
46360-2672,1
33764,1
19525,1
60702,1
55437,1
11435,1
50455,1
31757,1
50461,1
20763,1
74154,1
606122,1
62319,1
77459,1
38637,1
92104,1
20905-6044,1
55044,1
7950,1
601761,1
53017,1
37777,1
54902,1
80073,1
40356,1
6621,1
70510,1
98133-8310,1
71001,1
10465,1
61528,1
63074,1
27537,1
94609,1
98642,1
98665,1
69601,1
90015,1
49004,1
95117,1
98116,1
72315,1
70123,1
37803,1
43605,1
34654,1
65262,1
55430,1
44216,1
60809,1
91741,1
74133,1
28314,1
92019,1
46120,1
2000,1
94552,1
62223,1
66327,1
30125,1
44095,1
53530,1
20772,1
63771,1
20748,1
76123,1
27510,1
33180,1
30650,1
63088,1
54227,1
61020,1
39330,1
43609,1
90746,1
69621,1
78744,1
40218,1
92058,1
75114,1
55720,1
38063,1
93465,1
89408,1
78574,1
52531,1
63116,1
66011,1
45320,1
60109,1
55304,1
53024,1
98092,1
32309,1
35601,1
35603,1
49930,1
23114,1
53528,1
48210,1
89508,1
87124,1
33604,1
4548,1
33172,1
54229,1
45226,1
55902,1
77069,1
49045,1
37218,1
45385,1
53157,1
44128,1
62262,1
36330,1
62801,1
61760,1
37180,1
35763,1
77042,1
61052,1
32063,1
66044-5444,1
75204,1
47164,1
48603,1
64607,1
69130,1
38654-7232,1
58104,1
66041,1
13661,1
46773,1
30248,1
47712,1
5200,1
10302,1
85019,1
98310,1
42066,1
48103-2543,1
15017,1
97405,1
54471,1
92625,1
62326,1
63105,1
23602,1
55418,1
42345,1
56204,1
57369,1
39328,1
61231,1
85251,1
92065,1
89015,1
98057,1
55076,1
85323,1
55108,1
47957,1
60755,1
61742,1
49348,1
14305,1
49001-2652,1
73401,1
92116,1
20007,1
92627,1
89148,1
55056,1
41902,1
15224,1
7206,1
820,1
38701,1
62712-8626,1
54162,1
45150,1
30238-5657,1
27023,1
606053,1
97471,1
69203,1
47951,1
54208,1
55321,1
90066,1
50068,1
89156,1
40504,1
14213,1
48273,1
12533,1
80538,1
01089-3506,1
02169-5519,1
47990,1
71601,1
28212,1
60095,1
31091,1
6604,1
49071,1
45359,1
46240,1
95404,1
33573,1
34117,1
33321,1
85291,1
33032,1
78130,1
72901,1
46617,1
6422,1
42001,1
23663,1
75238,1
28209,1
60620-0000,1
90210,1
33442,1
45302,1
61074,1
8215,1
77386,1
37377,1
33417,1
1610,1
80224,1
19144,1
20901,1
46221,1
20115,1
67208,1
31027,1
92407,1
29707,1
38756,1
33016,1
55314,1
63376,1
76107,1
30008,1
75229,1
60598,1
66224,1
60910,1
11237,1
77583,1
80003,1
46532,1
82729,1
46062,1
42656,1
47229,1
62422,1
54615,1
92337,1
33917,1
46324-2222,1
98055,1
54121,1
30097,1
90029,1
45206,1
50528,1
98005,1
62902,1
90240,1
86001,1
92024,1
35209,1
33196,1
19709,1
19901,1
65622,1
62260,1
48909,1
38642,1
43214,1
60619773,1
76011,1
2909,1
46206,1
48044,1
48174,1
33449,1
12590,1
14223,1
67501,1
40502,1
38680,1
53534,1
80601,1
60063,1
1056,1
45616,1
66038,1
69455,1
53944,1
49006-6789,1
78664,1
49746,1
76574,1
49327,1
98168,1
52045,1
44615,1
98059,1
48185,1
73505,1
49696,1
49519,1
45039,1
98383,1
48301,1
50841,1
60149,1
92570,1
66736-1119,1
90220,1
20722,1
23692,1
78728,1
69647,1
54426,1
27536-5205,1
464041,1
10543,1
44126,1
32766,1
6018,1
38004,1
37914,1
85623,1
6110,1
66502,1
77320,1
91403,1
50230,1
77461,1
34475,1
38301,1
44672,1
33405,1
40165,1
49316,1
37174,1
98422,1
7446,1
8205,1
47542,1
75418,1
95014,1
48451,1
44515,1
84107,1
30103,1
54451,1
55433,1
66607,1
15201,1
606623,1
54409,1
54552,1
40206,1
98682,1
84660,1
53237,1
44057,1
42407,1
48334,1
11420,1
56218,1
85302,1
46151,1
54880,1
60039,1
49779,1
38116,1
78418,1
10454,1
90065,1
2169,1
65401,1
63010,1
48342,1
53083,1
54407,1
10930,1
33028,1
64124,1
77065,1
49127,1
16136,1
91913,1
53811,1
37828,1
95758,1
14606,1
36206,1
45809,1
48168,1
22312,1
60681,1
22032,1
63303,1
39840,1
89178,1
30033,1
82506,1
90804,1
77032,1
50036,1
55413,1
90077,1
97213,1
32703,1
34238,1
34211,1
49615,1
408104,1
6007,1
30066,1
40419,1
46413,1
56407,1
30078,1
46301,1
27265,1
46041,1
62477,1
46234,1
601004,1
47421,1
85022,1
32628,1
78738,1
89012,1
4107,1
33716,1
48856,1
46016,1
58701,1
33761,1
60066,1
28376,1
45113,1
93291,1
45420,1
2445,1
60737,1
55946,1
68221,1
48221,1
48215,1
20705,1
14559,1
98077,1
67211,1
42301,1
53949,1
27910-2629,1
79086,1
90232,1
02908-4109,1
48182,1
46574,1
52556,1
6705,1
77063,1
77591,1
38351,1
20774,1
78617,1
31401,1
72764,1
60486,1
36618,1
11434,1
19029,1
65322,1
62712,1
48128,1
45841,1
18661,1
80128,1
61277,1
93706,1
53181,1
37876,1
14228,1
77086,1
52002-5156,1
18651,1
33175,1
19606,1
89519-7908,1
50312,1
8723,1
37013,1
606323,1
17403,1
98007,1
44675,1
90402,1
92833,1
717,1
54964,1
76054,1
49103-2409,1
55425,1
93637,1
38967,1
94550,1
18504,1
48140,1
38261,1
11212,1
60412,1
2324,1
60444,1
78239,1
12747,1
8846,1
44113,1
68701,1
48380-2914,1
78040,1
30083-2630,1
73003,1
61241,1
62864,1
660660,1
46256,1
53027,1
50213,1
19129,1
292237768,1
30202,1
46348,1
80134,1
2136,1
53948,1
53925,1
54903,1
38617,1
6034,1
6608,1
27410,1
29418,1
98036,1
34450,1
63156,1
11001,1
60131-2321,1
63045,1
33974,1
49461,1
30228-1722,1
606040,1
95618,1
19102,1
27616,1
77030,1
92591,1
94501,1
48906,1
72433,1
46058,1
90292,1
28079,1
43627,1
20009,1
34974,1
94801,1
81520,1
96817,1
28504,1
62794,1
3824,1
32506,1
606029,1
33569,1
90046,1
49459,1
50061,1
40517,1
92007,1
92553,1
60502-8850,1
14534,1
30135,1
77450,1
33004,1
22192,1
33771,1
90644,1
55423,1
60712-3707,1
53960,1
48805,1
74136,1
60054,1
44286,1
606016,1
61491,1
60058,1
55120,1
69639,1
59840,1
53072,1
49115,1
15235,1
61830,1
2494,1
91364,1
74112,1
67017-9700,1
42130,1
30224,1
20784,1
30048,1
28604,1
38319-5226,1
33013,1
78259,1
50327,1
77379,1
57350,1
32541,1
28704,1
76127,1
90035,1
61010,1
49307,1
97239,1
46530,1
20877,1
45014,1
52776,1
75231,1
62411,1
46358,1
48341,1
78076,1
33430,1
52739,1
42633,1
45429,1
45373,1
98006,1
78255,1
37370,1
98404,1
92395,1
52742,1
60493,1
94404,1
90713,1
54728,1
60129,1
66101,1
6063-,1
84103,1
52302,1
43230,1
32174,1
1940,1
81001,1
60897,1
70570,1
54548,1
33463,1
43110,1
80203,1
08701-3476,1
48302,1
49092,1
99503,1
21804,1
48915,1
92656,1
47361,1
14214,1
48642,1
61912,1
15668,1
606036,1
60653312,1
44811,1
33012,1
42029,1
32206,1
10016,1
33701,1
53561,1
68107,1
6051,1
87059,1
46112,1
72339,1
7068,1
92673,1
30309,1
85028,1
18901,1
75080,1
62631,1
95829,1
82009,1
85746,1
33174,1
372171031,1
44129,1
55024,1
65158,1
55113,1
10452,1
75094,1
15214,1
92555,1
85202,1
92408,1
66643,1
55051,1
90056,1
39530-0000,1
60138,1
47383,1
6419,1
48042,1
11210,1
66028,1
28273,1
33759,1
46974,1
90005,1
21678,1
18336,1
1991,1
76108,1
606109,1
60567,1
10583,1
33149,1
76063,1
48386,1
79916,1
27217,1
15106,1
33563,1
33856,1
46353,1
28352,1
62075,1
33543,1
47401-5155,1
67218,1
90249,1
2482,1
39560,1
45133,1
97201,1
79720,1
33146,1
66442,1
75089,1
130,1
32951,1
55803,1
97276,1
99163,1
67117,1
85745,1
33598,1
6824,1
89084,1
30577,1
92637,1
80218,1
29439,1
11964,1
50151,1
56715,1
7930,1
98444,1
77459-0000,1
15216,1
76039,1
06831-3676,1
6001,1
92250,1
90723,1
55438,1
62675,1
60219,1
60684,1
68058,1
63109,1
63834,1
30106-1820,1
92653,1
6716,1
6019,1
75010,1
62846,1
70458,1
20740,1
30127,1
28602,1
33056,1
48065,1
606498,1
83616,1
80922,1
02067-2505,1
2067,1
62035,1
91302,1
75035,1
61348,1
34715,1
43606,1
91767,1
53582,1
37167,1
48088,1
34997,1
46366,1
16801,1
14616,1
46767,1
33411,1
33834,1
47803,1
2114,1
20136,1
49805,1
60697,1
90631,1
48430,1
46540,1
60593,1
75093,1
62671,1
85023,1
91246,1
85034,1
78332,1
44256,1
49740,1
54129,1
63301,1
85201,1
62613,1
2022,1
64603,1
37189,1
3745,1
48220,1
63042,1
37207,1
6064622,1
11795,1
60278,1
49408,1
91773,1
89146-3454,1
78584,1
46325,1
34221,1
38655,1
30193,1
72150,1
43717,1
60649-3618,1
31407,1
48111,1
41531,1
45440,1
28173,1
28173-6996,1
75402,1
55318,1
41017,1
92131,1
78238,1
44147,1
60638,1
66211,1
96233,1
55317,1
7401,1
85335,1
48835,1
35759,1
35805-6510,1
93603,1
30314-3561,1
33596,1
85213,1
63111,1
73804,1
28078,1
1832,1
6029,1
48756,1
38614,1
90028,1
6880,1
91501,1
75033,1
39194,1
33056-3612,1
36104,1
77033,1
49415,1
70363,1
53074,1
42262,1
77094,1
55346,1
33324,1
43102,1
85297,1
6624,1
54140,1
53101,1
78745,1
58852,1
12534,1
92057,1
80016,1
35810,1
08817-3025,1
UNKOWN,1
91602,1
95559,1
56187-3066,1
2639,1
77059,1
50651,1
23002,1
31792,1
99185,1
44255,1
49911,1
33170,1
606921,1
49338,1
66012,1
33756,1
33756-3232,1
32824-4303,1
60670,1
68135,1
53523,1
61428,1
67031,1
48353,1
32829,1
39232,1
94066,1
85042,1
74134,1
45404,1
76513,1
30339,1
6301,1
60443-1041,1
43061,1
98374,1
15317,1
72176,1
85210,1
46506,1
39090,1
30907,1
44123,1
37327,1
92509,1
49343,1
60362,1
606396,1
7601,1
38116-8911,1
20794,1
40808,1
33401,1
46939,1
11557,1
46064,1
56562,1
54983,1
85007,1
54456,1
1,1
19808,1
70082,1
33140,1
54771,1
34606,1
78209,1
46228,1
95008,1
80917,1
BLK SHIRT,1
46241,1
63081,1
78737,1
10805,1
98499,1
75228,1
20708,1
54726,1
38759,1
33315,1
6825,1
55127,1
75249,1
30328,1
23454,1
50529,1
94606,1
18045,1
16066,1
9826,1
98626,1
31047,1
77011,1
23086,1
71409,1
76102,1
6651,1
30082,1
61285,1
91505,1
94580,1
771,1
35206,1
32361,1
76006,1
70122,1
43506,1
60101-2451,1
85136,1
65802,1
49507-1716,1
16502,1
57107,1
2201,1
2882,1
